<?xml version="1.0" encoding="UTF-8"?>
<project-private xmlns="http://www.netbeans.org/ns/project-private/1">
    <editor-bookmarks xmlns="http://www.netbeans.org/ns/editor-bookmarks/2" lastBookmarkId="1"/>
    <open-files xmlns="http://www.netbeans.org/ns/projectui-open-files/2">
        <group>
            <file>file:/C:/Users/Hong%20Hai/Documents/NetBeansProjects/ProjectAI/src/projectai/KeyboardAgent.java</file>
            <file>file:/C:/Users/Hong%20Hai/Documents/NetBeansProjects/ProjectAI/src/projectai/GhostAlphaBetaPrunningAgent.java</file>
            <file>file:/C:/Users/Hong%20Hai/Documents/NetBeansProjects/ProjectAI/src/projectai/AstarSearch.java</file>
            <file>file:/C:/Users/Hong%20Hai/Documents/NetBeansProjects/ProjectAI/src/projectai/PacmanExpectiMiniMaxAgent.java</file>
            <file>file:/C:/Users/Hong%20Hai/Documents/NetBeansProjects/ProjectAI/src/projectai/Main.java</file>
            <file>file:/C:/Users/Hong%20Hai/Documents/NetBeansProjects/ProjectAI/src/projectai/PacmanAlphaBetaPrunningAgent.java</file>
            <file>file:/C:/Users/Hong%20Hai/Documents/NetBeansProjects/ProjectAI/src/projectai/Layout.java</file>
            <file>file:/C:/Users/Hong%20Hai/Documents/NetBeansProjects/ProjectAI/src/projectai/Util.java</file>
            <file>file:/C:/Users/Hong%20Hai/Documents/NetBeansProjects/ProjectAI/src/projectai/Rules.java</file>
            <file>file:/C:/Users/Hong%20Hai/Documents/NetBeansProjects/ProjectAI/src/projectai/Game.java</file>
            <file>file:/C:/Users/Hong%20Hai/Documents/NetBeansProjects/ProjectAI/src/projectai/GraphicDisplay.java</file>
            <file>file:/C:/Users/Hong%20Hai/Documents/NetBeansProjects/ProjectAI/src/projectai/RandomAgent.java</file>
        </group>
    </open-files>
</project-private>
